,zip,sector,fullTimeEmployees,longBusinessSummary,city,phone,state,country,companyOfficers,website,maxAge,address1,industry,ebitdaMargins,profitMargins,grossMargins,operatingCashflow,revenueGrowth,operatingMargins,ebitda,targetLowPrice,recommendationKey,grossProfits,freeCashflow,targetMedianPrice,currentPrice,earningsGrowth,currentRatio,returnOnAssets,numberOfAnalystOpinions,targetMeanPrice,debtToEquity,returnOnEquity,targetHighPrice,totalCash,totalDebt,totalRevenue,totalCashPerShare,financialCurrency,revenuePerShare,quickRatio,recommendationMean,exchange,shortName,longName,exchangeTimezoneName,exchangeTimezoneShortName,isEsgPopulated,gmtOffSetMilliseconds,quoteType,symbol,messageBoardId,market,annualHoldingsTurnover,enterpriseToRevenue,beta3Year,enterpriseToEbitda,52WeekChange,morningStarRiskRating,forwardEps,revenueQuarterlyGrowth,sharesOutstanding,fundInceptionDate,annualReportExpenseRatio,totalAssets,bookValue,sharesShort,sharesPercentSharesOut,fundFamily,lastFiscalYearEnd,heldPercentInstitutions,netIncomeToCommon,trailingEps,lastDividendValue,SandP52WeekChange,priceToBook,heldPercentInsiders,nextFiscalYearEnd,yield,mostRecentQuarter,shortRatio,sharesShortPreviousMonthDate,floatShares,beta,enterpriseValue,priceHint,threeYearAverageReturn,lastSplitDate,lastSplitFactor,legalType,lastDividendDate,morningStarOverallRating,earningsQuarterlyGrowth,priceToSalesTrailing12Months,dateShortInterest,pegRatio,ytdReturn,forwardPE,lastCapGain,shortPercentOfFloat,sharesShortPriorMonth,impliedSharesOutstanding,category,fiveYearAverageReturn,previousClose,regularMarketOpen,twoHundredDayAverage,trailingAnnualDividendYield,payoutRatio,volume24Hr,regularMarketDayHigh,navPrice,averageDailyVolume10Day,regularMarketPreviousClose,fiftyDayAverage,trailingAnnualDividendRate,open,toCurrency,averageVolume10days,expireDate,algorithm,dividendRate,exDividendDate,circulatingSupply,startDate,regularMarketDayLow,currency,trailingPE,regularMarketVolume,lastMarket,maxSupply,openInterest,marketCap,volumeAllCurrencies,strikePrice,averageVolume,dayLow,ask,askSize,volume,fiftyTwoWeekHigh,fromCurrency,fiveYearAvgDividendYield,fiftyTwoWeekLow,bid,tradeable,dividendYield,bidSize,dayHigh,regularMarketPrice,preMarketPrice,logo_url,1w_chg_pct,1m_chg_pct,1y_chg_pct,max_drawdown,ticker,headSymbol,underlyingExchangeSymbol,underlyingSymbol,uuid,address2,fax,weight,ratecode,ratecode2,USD-USD,CNY-USD,TWD-USD,HKD-USD,EUR-USD,rate,rate2
0,94025,Communication Services,68177.0,"Meta Platforms, Inc. develops products that enable people to connect and share with friends and family through mobile devices, personal computers, virtual reality headsets, and in-home devices worldwide. It operates in two segments, Family of Apps and Facebook Reality Labs. The Family of Apps segment's products include Facebook, which enables people to connect, share, discover, and communicate with each other on mobile devices and personal computers; Instagram, a community for sharing photos, videos, and private messages; Messenger, a messaging application for people to connect with friends, family, groups, and businesses across platforms and devices; and WhatsApp, a messaging application that is used by people and businesses to communicate in a private way, as well as other services. The Facebook Reality Labs segment provides augmented and virtual reality related consumer hardware, software, and content that help people feel connected, anytime, and anywhere. The company was formerly known as Facebook, Inc. and changed its name to Meta Platforms, Inc. in October 2021. Meta Platforms, Inc. was founded in 2004 and is headquartered in Menlo Park, California.",Menlo Park,650 543 4800,CA,United States,[],https://investor.fb.com,1.0,1601 Willow Road,Internet Content & Information,0.48748,0.35880002,0.8085,53618999296.0,0.351,0.4179,54758998016.0,250.0,buy,69273000000.0,26465374208.0,410.0,328.07,0.188,4.234,0.18568,52.0,401.49,9.912,0.32103002,466.0,58075000832.0,13219000320.0,112329998336.0,20.877,USD,39.588,3.939,1.9,NMS,"Meta Platforms, Inc.","Meta Platforms, Inc.",America/New_York,EST,0.0,-18000000,EQUITY,FB,finmb_20765463,us_market,,7.817,,16.036,0.32139874,,14.23,,2366279936.0,,,,47.748,27946660.0,0.01,,1609372800.0,0.80033,40304001024.0,13.974,,0.230412,6.870864,0.00597,1672444800.0,,1632960000.0,1.34,1636934400.0,2350586791.0,1.282818,878104018944.0,2.0,,,,,,,0.172,8.124384,1639526400.0,1.11,,23.054815,,0.0119,23585154.0,2781760000.0,,,331.79,325.31,336.64545,,0.0,,328.3399,,16240230.0,331.79,332.9944,,325.31,,16240230.0,,,,,,,315.46,USD,23.477173,24093972.0,,,,912611999744.0,,,22299046.0,315.46,0.0,1200.0,24093972.0,384.33,,,244.61,0.0,0.0,,800.0,328.3399,328.07,,https://logo.clearbit.com/investor.fb.com,-3.0926924311558412,-1.9193348373916397,27.733223797675244,-14.158246477718206,FB,,,,,,,0.0,USD-USD,USD-USD,1,0.1569390594959259,0.03613630682229996,0.1282610446214676,1.1349449157714844,1.0,1.0
1,98052-6399,Technology,181000.0,"Microsoft Corporation develops, licenses, and supports software, services, devices, and solutions worldwide. Its Productivity and Business Processes segment offers Office, Exchange, SharePoint, Microsoft Teams, Office 365 Security and Compliance, and Skype for Business, as well as related Client Access Licenses (CAL); Skype, Outlook.com, OneDrive, and LinkedIn; and Dynamics 365, a set of cloud-based and on-premises business solutions for organizations and enterprise divisions. Its Intelligent Cloud segment licenses SQL, Windows Servers, Visual Studio, System Center, and related CALs; GitHub that provides a collaboration platform and code hosting service for developers; and Azure, a cloud platform. It also offers support services and Microsoft consulting services to assist customers in developing, deploying, and managing Microsoft server and desktop solutions; and training and certification on Microsoft products. Its More Personal Computing segment provides Windows original equipment manufacturer (OEM) licensing and other non-volume licensing of the Windows operating system; Windows Commercial, such as volume licensing of the Windows operating system, Windows cloud services, and other Windows commercial offerings; patent licensing; Windows Internet of Things; and MSN advertising. It also offers Surface, PC accessories, PCs, tablets, gaming and entertainment consoles, and other devices; Gaming, including Xbox hardware, and Xbox content and services; video games and third-party video game royalties; and Search, including Bing and Microsoft advertising. It sells its products through OEMs, distributors, and resellers; and directly through digital marketplaces, online stores, and retail stores. It has collaborations with Dynatrace, Inc., Morgan Stanley, Micro Focus, WPP plc, ACI Worldwide, Inc., and iCIMS, Inc., as well as strategic relationships with Avaya Holdings Corp. and wejo Limited. Microsoft Corporation was founded in 1975 and is based in Redmond, Washington.",Redmond,425 882 8080,WA,United States,[],https://www.microsoft.com,1.0,One Microsoft Way,Software—Infrastructure,0.48648998,0.38515,0.68864995,81945001984.0,0.22,0.42143002,85745000448.0,299.93,buy,115856000000.0,49819750400.0,368.0,314.27,0.489,2.165,0.14589,42.0,369.86,51.938,0.49303,412.07,130584002560.0,78934999040.0,176250994688.0,17.393,USD,23.395,1.961,1.6,NMS,Microsoft Corporation,Microsoft Corporation,America/New_York,EST,True,-18000000,EQUITY,MSFT,finmb_21835,us_market,,13.722,,28.206,,,10.54,,7507979776.0,,,,20.242,42981645.0,0.0057,,1625011200.0,0.71769994,67882999808.0,8.939,,,15.525639,0.00062,1688083200.0,,1632960000.0,1.48,1636934400.0,7501148182.0,0.872727,2418551554048.0,2.0,,1045526400,2:1,,,,0.476,13.387344,1639526400.0,2.16,,29.816887,,0.0057,41195079.0,,,,314.04,309.485,289.6558,0.007323907,0.25059998,,314.72,,25854540.0,314.04,332.7818,2.3,309.485,,25854540.0,,,2.48,1644969600,,,304.69,USD,35.157173,42851044.0,,,,2359532716032.0,,,26678062.0,304.69,0.0,900.0,42851044.0,349.67,,1.39,212.03,0.0,False,0.0075,900.0,314.72,314.27,,https://logo.clearbit.com/microsoft.com,-6.118001788298166,-7.404244353191425,45.70982645063746,-8.405466925813931,MSFT,,,,b004b3ec-de24-385e-b2c1-923f10d3fb62,,,0.0,USD-USD,USD-USD,1,0.1569390594959259,0.03613630682229996,0.1282610446214676,1.1349449157714844,1.0,1.0
2,95014,Technology,154000.0,"Apple Inc. designs, manufactures, and markets smartphones, personal computers, tablets, wearables, and accessories worldwide. It also sells various related services. In addition, the company offers iPhone, a line of smartphones; Mac, a line of personal computers; iPad, a line of multi-purpose tablets; AirPods Max, an over-ear wireless headphone; and wearables, home, and accessories comprising AirPods, Apple TV, Apple Watch, Beats products, HomePod, and iPod touch. Further, it provides AppleCare support services; cloud services store services; and operates various platforms, including the App Store that allow customers to discover and download applications and digital content, such as books, music, video, games, and podcasts. Additionally, the company offers various services, such as Apple Arcade, a game subscription service; Apple Music, which offers users a curated listening experience with on-demand radio stations; Apple News+, a subscription news and magazine service; Apple TV+, which offers exclusive original content; Apple Card, a co-branded credit card; and Apple Pay, a cashless payment service, as well as licenses its intellectual property. The company serves consumers, and small and mid-sized businesses; and the education, enterprise, and government markets. It distributes third-party applications for its products through the App Store. The company also sells its products through its retail and online stores, and direct sales force; and third-party cellular network carriers, wholesalers, retailers, and resellers. Apple Inc. was incorporated in 1977 and is headquartered in Cupertino, California.",Cupertino,408 996 1010,CA,United States,[],https://www.apple.com,1.0,One Apple Park Way,Consumer Electronics,0.32867,0.25882,0.41779,104037998592.0,0.288,0.29782,120233000960.0,128.01,buy,152836000000.0,73295003648.0,174.5,172.19,0.662,1.075,0.20179,42.0,174.93,216.392,1.47443,210.0,62639001600.0,136521998336.0,365817004032.0,3.818,USD,21.904,0.91,1.8,NMS,Apple Inc.,Apple Inc.,America/New_York,EST,True,-18000000,EQUITY,AAPL,finmb_24937,us_market,,8.261,,25.135,,,6.18,,16406400000.0,,,,3.841,113277024.0,0.0069,,1632528000.0,0.58707,94679998464.0,5.61,,,44.82947,0.0007,1695600000.0,,1632528000.0,1.0,1636934400.0,16389662475.0,1.203116,3022112423936.0,2.0,,1598832000,4:1,,,,0.622,7.72249,1639526400.0,2.0,,27.862461,,0.0069,99688619.0,,,,172.17,169.08,145.32465,0.004936981,0.1515,,172.5,,82203130.0,172.17,164.814,0.85,169.08,,82203130.0,,,0.88,1636070400,,,168.18,USD,30.693405,106765552.0,,,,2825018146816.0,,,90968035.0,168.18,0.0,900.0,106765552.0,182.94,,1.17,116.21,0.0,False,0.0049,1100.0,172.5,172.19,,https://logo.clearbit.com/apple.com,-5.395303753531444,-2.020031262543631,33.92791211013553,-5.395303753531444,AAPL,,,,8b10e4ae-9eeb-3684-921a-9ab27e4d87aa,,,0.0,USD-USD,USD-USD,1,0.1569390594959259,0.03613630682229996,0.1282610446214676,1.1349449157714844,1.0,1.0
3,94043,Communication Services,150028.0,"Larry Page and Sergey Brin founded Google in September 1998. Since then, the company has grown to more than 130,000 employees worldwide, with a wide range of popular products and platforms like Search, Maps, Ads, Gmail, Android, Chrome, Google Cloud and YouTube. In October 2015, Alphabet became the parent holding company of Google.",Mountain View,650 253 0000,CA,United States,[],https://www.abc.xyz,1.0,1600 Amphitheatre Parkway,Internet Content & Information,0.35616,0.29521,0.56511,89395003392.0,0.41,0.303,85196996608.0,3140.0,buy,97795000000.0,52658749440.0,3360.0,2771.48,0.707,2.98,0.14011,9.0,3366.67,11.493,0.30872,3925.0,142002995200.0,28109000704.0,239210004480.0,213.936,USD,356.562,2.862,1.6,NMS,Alphabet Inc.,Alphabet Inc.,America/New_York,EST,False,-18000000,EQUITY,GOOG,finmb_29096,us_market,,7.538,,21.166,,,112.3,,317737984.0,,,,367.946,1667888.0,0.0025,,1609372800.0,0.66238,70617997312.0,103.805,,,7.5323005,0.00035,1672444800.0,,1632960000.0,1.48,1636934400.0,578390669.0,1.068051,1803275468800.0,2.0,,1430092800,10000000:10000000,,,,0.684,7.6898746,1639526400.0,1.27,,24.67925,,,2042544.0,,,,2740.09,2701.98,2669.4492,,0.0,,2772.8,,1127020.0,2740.09,2918.6116,,2701.98,,1127020.0,,,,,,,2662.81,USD,26.698906,1704784.0,,,,1839494987776.0,,,1135066.0,2662.81,0.0,1400.0,1704784.0,3037.0,,,1721.55,0.0,False,,1000.0,2772.8,2771.48,,https://logo.clearbit.com/abc.xyz,-4.4808015951529505,-5.542096614312841,56.87149216781351,-8.051939720790745,GOOG,,,,ee8cce8c-2475-31c0-8436-ecdf889cbfbd,,,0.0,USD-USD,USD-USD,1,0.1569390594959259,0.03613630682229996,0.1282610446214676,1.1349449157714844,1.0,1.0
4,98109-5210,Consumer Cyclical,1468000.0,"Amazon.com, Inc. engages in the retail sale of consumer products and subscriptions in North America and internationally. The company operates through three segments: North America, International, and Amazon Web Services (AWS). It sells merchandise and content purchased for resale from third-party sellers through physical and online stores. The company also manufactures and sells electronic devices, including Kindle, Fire tablets, Fire TVs, Rings, and Echo and other devices; provides Kindle Direct Publishing, an online service that allows independent authors and publishers to make their books available in the Kindle Store; and develops and produces media content. In addition, it offers programs that enable sellers to sell their products on its websites, as well as its stores; and programs that allow authors, musicians, filmmakers, skill and app developers, and others to publish and sell content. Further, the company provides compute, storage, database, analytics, machine learning, and other services, as well as fulfillment, advertising, publishing, and digital content subscriptions. Additionally, it offers Amazon Prime, a membership program, which provides free shipping of various items; access to streaming of movies and TV episodes; and other services. The company serves consumers, sellers, developers, enterprises, and content creators. Amazon.com, Inc. was founded in 1994 and is headquartered in Seattle, Washington.",Seattle,206-266-1000,WA,United States,[],https://www.amazon.com,1.0,410 Terry Avenue North,Internet Retail,0.1319,0.057350002,0.41307,54671998976.0,0.153,0.06178,60403998720.0,3771.0,buy,152757000000.0,9271374848.0,4050.0,3229.72,-0.505,1.117,0.05321,51.0,4104.88,113.001,0.25832,5000.0,78988001280.0,136237998080.0,457965010944.0,155.75,USD,909.112,0.866,1.7,NMS,"Amazon.com, Inc.","Amazon.com, Inc.",America/New_York,EST,True,-18000000,EQUITY,AMZN,finmb_18749,us_market,,3.835,,29.078,,,51.53,,507148000.0,,,,237.799,3599503.0,0.0070999996,,1609372800.0,0.59177,26262999040.0,51.099,,,13.581722,0.13356,1672444800.0,,1632960000.0,1.06,1636934400.0,456295928.0,1.126233,1756417622016.0,2.0,,936230400,2:1,,,,-0.502,3.5765746,1639526400.0,2.27,,62.6765,,0.0082,4226657.0,,,,3251.08,3211.71,3390.5437,,0.0,,3233.23,,2657510.0,3251.08,3448.6062,,3211.71,,2657510.0,,,,,,,3126.09,USD,63.20515,4389915.0,,,,1637945966592.0,,,3210816.0,3126.09,0.0,1000.0,4389915.0,3773.08,,,2881.0,0.0,False,,800.0,3233.23,3229.72,,https://logo.clearbit.com/amazon.com,-5.233726591361876,-4.765952269711904,3.7091272333754866,-13.445050348881226,AMZN,,,,261fd26b-0151-3813-b0d0-97e4ed4c6505,,,0.0,USD-USD,USD-USD,1,0.1569390594959259,0.03613630682229996,0.1282610446214676,1.1349449157714844,1.0,1.0
5,311121,Consumer Cyclical,258578.0,"Alibaba Group Holding Limited, through its subsidiaries, provides technology infrastructure and marketing reach to merchants, brands, retailers, and other businesses to engage with their users and customers in the People's Republic of China and internationally. It operates through four segments: Core Commerce, Cloud Computing, Digital Media and Entertainment, and Innovation Initiatives and Others. The company operates Taobao Marketplace, a social commerce platform; Tmall, a third-party online and mobile commerce platform for brands and retailers; Alimama, a monetization platform; 1688.com and Alibaba.com, which are online wholesale marketplaces; AliExpress, a retail marketplace; Lazada, Trendyol, and Daraz that are e-commerce platforms; and Tmall Global and Kaola, which are import e-commerce platforms. It also operates Lingshoutong that connects FMCG manufacturers and their distributors to small retailers; Cainiao Network logistic services platform; Ele.me, an on-demand delivery and local services platform; Koubei, a restaurant and local services guide platform; and Fliggy, an online travel platform. In addition, the company offers pay-for-performance, in-feed, and display marketing services; and Taobao Ad Network and Exchange, a real-time online bidding marketing exchange. Further, it provides elastic computing, database, storage, virtualization network, large-scale computing, security, management and application, big data analytics, machine learning platform, and Internet of Things services. Additionally, the company operates Youku, an online video platform; Alibaba Pictures and other content platforms that provide online videos, films, live events, news feeds, literature, music, and others; Amap, a mobile digital map, navigation, and real-time traffic information app; DingTalk, a business efficiency app; and Tmall Genie, an AI-enabled smart speaker. The company was incorporated in 1999 and is based in Hangzhou, the People's Republic of China.",Hangzhou,86 571 8502 2088,,China,[],https://www.alibabagroup.com,1.0,969 West Wen Yi Road,Internet Retail,0.19149,0.15305,0.38781,196824006656.0,0.294,0.13144,156045000704.0,129.89,buy,297772000000.0,150922248192.0,199.82,128.3,-0.812,1.645,0.042379998,51.0,207.42,16.682,0.11253,314.72,459204984832.0,183158996992.0,814909030400.0,170.376,CNY,301.086,1.184,2.0,NYQ,Alibaba Group Holding Limited,Alibaba Group Holding Limited,America/New_York,EST,False,-18000000,EQUITY,BABA,finmb_42083601,us_market,,0.256,,1.339,-0.42460108,,9.51,,2710909952.0,,,,357.23,54869507.0,0.0202,,1617148800.0,0.23893,124456001536.0,7.093,,0.230412,0.35915238,0.2622,1680220800.0,,1632960000.0,2.01,1636934400.0,1919934385.0,0.890015,208923410432.0,2.0,,,,,,,-0.81,0.43428496,1639526400.0,93.08,,13.491062,,,46266338.0,,,,129.81,131.99,182.4704,,0.0,,132.6,,27007820.0,129.81,136.577,,131.99,,27007820.0,,,,,,,126.23,USD,18.088257,21675531.0,,,,353902723072.0,,,23255735.0,126.23,0.0,1100.0,21675531.0,274.29,,,108.7,0.0,False,,900.0,132.6,128.3,,https://logo.clearbit.com/alibabagroup.com,6.579170941221268,4.957465063719857,-43.57214856532349,-52.62710578116745,BABA,,,,,Yu Hang District,86 571 8526 9066,0.0,CNY-USD,USD-USD,1,0.1569390594959259,0.03613630682229996,0.1282610446214676,1.1349449157714844,0.1569390594959259,1.0
6,95051,Technology,18975.0,"NVIDIA Corporation operates as a visual computing company worldwide. It operates in two segments, Graphics and Compute & Networking. The Graphics segment offers GeForce GPUs for gaming and PCs, the GeForce NOW game streaming service and related infrastructure, and solutions for gaming platforms; Quadro/NVIDIA RTX GPUs for enterprise design; GRID software for cloud-based visual and virtual computing; and automotive platforms for infotainment systems. The Compute & Networking segment offers Data Center platforms and systems for AI, HPC, and accelerated computing; Mellanox networking and interconnect solutions; automotive AI Cockpit, autonomous driving development agreements, and autonomous vehicle solutions; and Jetson for robotics and other embedded platforms. The company's products are used in gaming, professional visualization, datacenter, and automotive markets. NVIDIA Corporation sells its products to original equipment manufacturers, original device manufacturers, system builders, add-in board manufacturers, retailers/distributors, Internet and cloud service providers, automotive manufacturers and tier-1 automotive suppliers, mapping companies, start-ups, and other ecosystem participants. NVIDIA has partnership with Google Cloud to create AI-on-5G Lab. NVIDIA Corporation was founded in 1993 and is headquartered in Santa Clara, California.",Santa Clara,408 486 2000,CA,United States,[],https://www.nvidia.com,1.0,2788 San Tomas Expressway,Semiconductors,0.40203,0.33806,0.64398,8142000128.0,0.503,0.35454,9758999552.0,177.5,buy,10557000000.0,5935249920.0,350.0,274.0,0.83,7.145,0.15934,41.0,341.2,49.697,0.41939998,400.0,19298000896.0,11827000320.0,24273999872.0,7.719,USD,9.75,6.437,2.0,NMS,NVIDIA Corporation,NVIDIA Corporation,America/New_York,EST,False,-18000000,EQUITY,NVDA,finmb_32307,us_market,,27.754,,69.034,1.0205789,,5.21,,2492000000.0,,,,9.512,23374534.0,0.0094,,1612051200.0,0.66897005,8206000128.0,3.243,0.04,0.230412,28.80572,0.04079,1675123200.0,,1635638400.0,0.44,1636934400.0,2400400000.0,1.313735,673703985152.0,2.0,,1626739200,4:1,,1638316800,,0.844,28.12919,1639526400.0,1.59,,52.59117,,0.0097,24148034.0,,,,272.47,265.81,214.7051,0.0005872206,0.0493,,274.69,,40227170.0,272.47,297.9166,0.16,265.81,,40227170.0,,,0.16,1638316800,,,256.4384,USD,84.48967,59266069.0,,,,682807984128.0,,,44166412.0,256.4384,274.3,1100.0,59266069.0,346.47,,0.25,115.665,274.0,False,0.00059999997,1200.0,274.69,274.0,,https://logo.clearbit.com/nvidia.com,-9.033562042093202,-2.702313748591756,101.3282811589744,-17.895031589870936,NVDA,,,,,,,0.0,USD-USD,USD-USD,1,0.1569390594959259,0.03613630682229996,0.1282610446214676,1.1349449157714844,1.0,1.0
7,518054,Communication Services,107348.0,"Tencent Holdings Limited, an investment holding company, provides value-added services (VAS) and Online advertising services in Mainland China and internationally. The company operates through VAS, Online Advertising, FinTech and Business Services, and Others segments. It offers online games and social network services; FinTech and cloud services, and online advertising services, such as media, social, and others advertisement services. The company is also involved in production, investment, and distribution of films and television programs for third parties, as well as copyrights licensing, merchandise sales, and other activities. In addition, it develops software; develops and operates online games; and provides information technology, information system integration, asset management, online literature, and online music entertainment services. The company has strategic collaboration with RareStone Inc. to develop a service ecosystem focused on rare disease patients in China. Tencent Holdings Limited company was founded in 1998 and is headquartered in Shenzhen, the People's Republic of China.",Shenzhen,86 755 8601 3388,,China,[],https://www.tencent.com,1.0,Tencent Binhai Towers,Internet Content & Information,0.33254,0.34419,0.44959998,172800999424.0,0.135,0.23871,182760996864.0,350.04,buy,221624000000.0,78709121024.0,610.06,460.0,0.028,1.281,0.05947,51.0,610.11,35.624,0.24270001,821.09,254610997248.0,331793006592.0,549598986240.0,26.7,CNY,57.731,1.046,1.8,HKG,TENCENT,Tencent Holdings Limited,Asia/Hong_Kong,HKT,False,28800000,EQUITY,0700.HK,finmb_11042136,hk_market,,8.14,,24.479,-0.2318644,,19.24,,9603800064.0,,,,89.821,,,,1609372800.0,0.23542999,189165993984.0,11.01408,1.6,0.230412,5.121297,0.37544,1672444800.0,,1632960000.0,,,6023319040.0,0.513791,4473737445376.0,3.0,,1400112000,5:1,,1621814400,,0.025,8.040916,,0.96,,23.908524,,,,,,,453.2,458.0,521.4245,0.0029721977,0.067600004,,462.0,,16035770.0,453.2,464.298,1.347,458.0,,16035770.0,,,1.6,1621814400,,,454.2,HKD,41.76472,16405167.0,,,,4419279650816.0,,,19492963.0,454.2,460.0,0.0,16405167.0,775.5,,0.24,412.2,459.6,False,0.0034999999,0.0,462.0,460.0,,https://logo.clearbit.com/tencent.com,2.2222222222222143,-1.4144890735495186,-21.95362807144282,-39.82334349393558,0700.HK,,,,,No. 33 Haitian 2nd Road Nanshan District,86 755 8601 3399,0.0,CNY-USD,HKD-USD,1,0.1569390594959259,0.03613630682229996,0.1282610446214676,1.1349449157714844,0.1569390594959259,0.1282610446214676
8,95110-2704,Technology,,"Adobe Inc. operates as a diversified software company worldwide. Its Digital Media segment provides tools and solutions that enable individuals, teams, and enterprises to create, publish, promote, and monetize their digital content. Its flagship product is Creative Cloud, a subscription service that allows customer to download and access the latest versions of its creative products. This segment serves content creators, experience designers, app developers, enthusiasts, students, social media users, and creative professionals; and marketing departments and agencies, companies, and publishers. The company's Digital Experience segment offers products, services, and solutions for creating, managing, executing, measuring, monetizing, and optimizing customer experiences from analytics to commerce. This segment serves marketers, advertisers, agencies, publishers, merchandisers, merchants, web analysts, data scientists, developers, marketing executives, information management and technology executives, product development executives, and sales and support executives. Its Publishing and Advertising segment offers products and services, such as e-learning solutions, technical document publishing, web conferencing, document and forms platform, web application development, and high-end printing, as well as publishing needs of technical and business, and original equipment manufacturers (OEMs) printing businesses. The company offers its products and services directly to enterprise customers through its sales force and local field offices, as well as to end users through app stores and through its website at adobe.com. It also distributes products and services through a network of distributors, value-added resellers, systems integrators, software vendors and developers, retailers, and OEMs. The company was formerly known as Adobe Systems Incorporated and changed its name to Adobe Inc. in October 2018. The company was founded in 1982 and is headquartered in San Jose, California.",San Jose,408 536 6000,CA,United States,[],https://www.adobe.com,1.0,345 Park Avenue,Software—Infrastructure,0.41681,0.30548,0.88185,,0.2,0.36756,6579333120.0,560.0,buy,13920000000.0,,680.0,525.83,-0.445,1.248,0.14076,28.0,671.75,31.581,0.34368,750.0,5798000128.0,4672999936.0,15784999936.0,12.181,USD,33.092,1.107,1.8,NMS,Adobe Inc.,Adobe Inc.,America/New_York,EST,False,-18000000,EQUITY,ADBE,finmb_24321,us_market,,15.785,,37.872,0.08279443,,16.25,,475800000.0,,,,31.086,4795281,0.0101,,1638489600.0,0.85199,4822000128.0,10.02,0.0065,0.230412,16.915333,0.00312,1701561600.0,,1638489600.0,1.59,1636934400,474619600.0,1.003041,249170083840.0,2.0,,1116892800,2:1,,1111622400,,-0.452,15.849853,1639526400,2.62,,32.35877,,0.0101,4143342,,,,510.7,500.0,586.4927,,0.0,,526.58,,3183920.0,510.7,623.3654,,500.0,,3183920.0,,,,1111622400,,,497.01,USD,52.478043,5187646.0,,,,250189922304.0,,,2848651.0,497.01,0.0,1200.0,5187646.0,699.54,,,420.78,0.0,False,,800.0,526.58,525.83,,https://logo.clearbit.com/adobe.com,-6.82884957754375,-20.123040127533166,10.878464051496861,-23.61229849939539,ADBE,,,,,,408 537 6000,0.0,USD-USD,USD-USD,1,0.1569390594959259,0.03613630682229996,0.1282610446214676,1.1349449157714844,1.0,1.0
9,23230,Consumer Defensive,7100.0,"Altria Group, Inc., through its subsidiaries, manufactures and sells cigarettes, oral tobacco products, and wine in the United States. It offers cigarettes primarily under the Marlboro brand; cigars principally under the Black & Mild brand; and moist smokeless tobacco products under the Copenhagen, Skoal, Red Seal, and Husky brands, as well as provides on! oral nicotine pouches. The company also produces and sells varietal and blended table wines, and sparkling wines under the Chateau Ste. Michelle and 14 Hands names; and imports and markets Antinori, Torres, and Villa Maria Estate wines, as well as Champagne Nicolas Feuillatte in the United States. In addition, it provides finance leasing services primarily in transportation, power generation, real estate, and manufacturing equipment industries. The company sells its tobacco products primarily to wholesalers, including distributors; and large retail organizations, such as chain stores. Altria Group, Inc. was founded in 1822 and is headquartered in Richmond, Virginia.",Richmond,804 274 2200,VA,United States,[],https://www.altria.com,1.0,6601 West Broad Street,Tobacco,0.5759,0.13164,0.65674,8282999808,-0.026,0.56380004,12140000256.0,45.0,buy,13488000000.0,6223374848,54.0,50.54,,0.742,0.17232001,17.0,53.61,,2.7119799,68.0,2956999936.0,28127000576.0,21080000512.0,1.61,USD,11.387,0.369,2.4,NYQ,"Altria Group, Inc.","Altria Group, Inc.",America/New_York,EST,True,-18000000,EQUITY,MO,finmb_53839346,us_market,,5.435,,9.437,,,4.83,,1836989952.0,,,,-0.689,11017436,0.006,,1609372800.0,0.60076,2764999936.0,1.494,,,,0.00098,1672444800.0,,1632960000.0,1.44,1636934400,1835225313.0,0.683636,114562138112.0,2.0,,860716800,3:1,,,,,4.4042444,1639526400,2.06,,10.463768,,0.006,11084010,,,,49.77,50.09,47.85445,0.06992164,2.3356,,50.66,,7837620.0,49.77,45.5118,3.48,50.09,,7837620.0,,,3.6,1640131200,,,49.96,USD,33.828648,12438295.0,,,,92841476096.0,,,8071338.0,49.96,0.0,1200.0,12438295.0,52.59,,6.09,40.46,0.0,False,0.0734,900.0,50.66,50.54,,https://logo.clearbit.com/altria.com,5.357514341098346,13.559241696005554,31.31834769578625,0.0,MO,,,,eb0459bf-ce41-3588-8ecf-61fb07987581,,,0.0,USD-USD,USD-USD,1,0.1569390594959259,0.03613630682229996,0.1282610446214676,1.1349449157714844,1.0,1.0
10,94903,Technology,11500.0,"Autodesk, Inc. provides 3D design, engineering, and entertainment software and services worldwide. The company offers AutoCAD Civil 3D, a surveying, design, analysis, and documentation solution for civil engineering, including land development, transportation, and environmental projects; BIM 360, a construction management cloud-based software; AutoCAD, a software for professional design, drafting, detailing, and visualization; AutoCAD LT, a drafting and detailing software; computer-aided manufacturing (CAM) software for computer numeric control machining, inspection, and modelling for manufacturing; Fusion 360, a 3D CAD, CAM, and computer-aided engineering tool; and Industry Collections tools for professionals in architecture, engineering and construction, product design and manufacturing, and media and entertainment collection industries. It also provides Inventor tools for 3D mechanical design, simulation, analysis, tooling, visualization, and documentation; Vault, a data management software to manage data in one central location, accelerate design processes, and streamline internal/external collaboration; Maya and 3ds Max software products that offer 3D modeling, animation, effects, rendering, and compositing solutions; and Shotgun, a cloud-based software for review and production tracking in the media and entertainment industry. In addition, the company offers PlanGrid, a cloud-based field collaboration software, which provides general contractors, subcontractors, owners, and architects access to construction information in real-time; Revit software for building information modeling; and BuildingConnected, a bid-management solution. Autodesk, Inc. sells its products and services to customers directly, as well as through a network of resellers and distributors. The company was founded in 1982 and is headquartered in San Rafael, California.",San Rafael,415 507 5000,CA,United States,[],https://www.autodesk.com,1.0,111 McInnis Parkway,Software—Application,0.18621,0.31305,0.91737,1466099968,0.182,0.16372,784700032.0,250.0,buy,3484900000.0,1292612480,340.0,262.39,0.034,0.809,0.05957,21.0,329.81,238.261,1.9555299,440.0,1792099968.0,3049499904.0,4214000128.0,8.147,USD,19.181,0.723,2.1,NMS,"Autodesk, Inc.","Autodesk, Inc.",America/New_York,EST,False,-18000000,EQUITY,ADSK,finmb_119902,us_market,,14.82,,79.587,,,6.83,,219972992.0,,,,5.812,2811456,0.0128,,1612051200.0,0.92739,1319200000.0,5.928,,,45.14625,0.00187,1675123200.0,,1635638400.0,1.23,1636934400,219652256.0,1.408008,62451806208.0,2.0,,1103587200,2:1,,,,0.034,13.696896,1639526400,1.92,,38.41728,,0.0128,2405491,,,,262.32,256.54,293.27036,,0.0,,262.73,,1007500.0,262.32,289.6642,,256.54,,1007500.0,,,,1111449600,,,250.65,USD,44.262825,1637452.0,,,,57718718464.0,,,1502067.0,250.65,0.0,800.0,1637452.0,344.39,,,245.05,0.0,False,,1800.0,262.73,262.39,,https://logo.clearbit.com/autodesk.com,-7.517970703684451,-2.41371248010932,-17.43808669830741,-23.338293431868372,ADSK,,,,,,415 507 5100,0.0,USD-USD,USD-USD,1,0.1569390594959259,0.03613630682229996,0.1282610446214676,1.1349449157714844,1.0,1.0
11,5504 DR,Technology,29025.0,"ASML Holding N.V. develops, produces, markets, sells, and services advanced semiconductor equipment systems consisting of lithography, metrology, and inspection related systems for memory and logic chipmakers. The company provides extreme ultraviolet lithography systems; and deep ultraviolet lithography systems comprising immersion and dry lithography solutions to manufacture various range of semiconductor nodes and technologies. It also offers metrology and inspection systems, including YieldStar optical metrology solutions to measure the quality of patterns on the wafers; and HMI e-beam solutions to locate and analyze individual chip defects. In addition, the company provides computational lithography and software solutions to create applications that enhance the setup of the lithography system; and mature products and services that refurbish used lithography equipment and offers associated services. It operates in Japan, South Korea, Singapore, Taiwan, China, the Netherlands, Europe, the Middle East, Africa, the United States, and rest of Asia. The company was formerly known as ASM Lithography Holding N.V. and changed its name to ASML Holding N.V. in 2001. ASML Holding N.V. was founded in 1984 and is headquartered in Veldhoven, the Netherlands.",Veldhoven,31 480 235 0934,,Netherlands,[],https://www.asml.com,1.0,De Run 6501,Semiconductor Equipment & Materials,0.36928,0.3054,0.52124,9099200512,0.324,0.34834,6602599936.0,720.0,buy,6797200000.0,6561762304,879.76,727.17,0.684,1.711,0.14755,8.0,868.69,35.695,0.43258998,1030.0,4455699968.0,4105799936.0,17879599104.0,10.924,EUR,43.31,1.046,2.0,NMS,ASML Holding N.V. - New York Re,ASML Holding N.V.,America/New_York,EST,False,-18000000,EQUITY,ASML,finmb_388904,us_market,,17.23,,46.658,0.47121203,,19.65,,406473984.0,,,,28.199,1115542,0.0027,,1609372800.0,0.18656999,5460400128.0,15.0,2.094,0.230412,25.787085,0.0,1672444800.0,,1633219200.0,1.23,1636934400,407802104.0,0.946873,308063305728.0,2.0,,1191196800,8:9,,1635811200,,0.639,16.531448,1639526400,1.61,,37.138405,,,775738,,,,756.1,716.5184,744.96716,0.0044306307,0.2074,,727.66,,832160.0,756.1,804.0052,3.35,716.5184,,832160.0,,,3.96,1635811200,,,702.3,USD,48.42312,1973435.0,,,,295575683072.0,,,873982.0,702.3,0.0,800.0,1973435.0,895.93,,0.82,501.11,0.0,False,0.005,900.0,727.66,727.17,,https://logo.clearbit.com/asml.com,-8.817666451656947,-4.879195942603465,43.94889975135068,-18.021356367262463,ASML,,,,2ba52262-559d-3b17-bb19-4711bad6d978,,,0.0,EUR-USD,USD-USD,1,0.1569390594959259,0.03613630682229996,0.1282610446214676,1.1349449157714844,1.1349449157714844,1.0
12,68131,Financial Services,360000.0,"Berkshire Hathaway Inc., through its subsidiaries, engages in the insurance, freight rail transportation, and utility businesses worldwide. It provides property, casualty, life, accident, and health insurance and reinsurance; and operates railroad systems in North America. The company also generates, transmits, stores, and distributes electricity from natural gas, coal, wind, solar, hydro, nuclear, and geothermal sources; operates natural gas distribution and storage facilities, interstate pipelines, liquefied natural gas facilities, and compressor and meter stations; and holds interest in coal mining assets. In addition, the company manufactures boxed chocolates and other confectionery products; specialty chemicals, metal cutting tools, and components for aerospace and power generation applications; and flooring, insulation, roofing and engineered, building and engineered components, paints and coatings, and bricks and masonry products, as well as offers manufactured and site-built home construction, and related lending and financial services; and recreational vehicles, apparel products, jewelry, and custom picture framing products, and alkaline batteries. Further, it manufactures castings, forgings, fasteners/fastener systems, and aerostructures; and seamless pipes, fittings, downhole casing and tubing, and various mill forms. Additionally, the company distributes televisions and information; franchises and services quick service restaurants; distributes electronic components; and offers logistics services, grocery and foodservice distribution services, and professional aviation training and shared aircraft ownership programs. It also retails automobiles; furniture, bedding, and accessories; household appliances, electronics, and computers; jewelry, watches, crystal, china, stemware, flatware, gifts, and collectibles; kitchenware; and motorcycle apparel and equipment. The company was incorporated in 1998 and is headquartered in Omaha, Nebraska.",Omaha,402-346-1400,NE,United States,[],https://www.berkshirehathaway.com,1.0,3555 Farnam Street,Insurance—Diversified,0.45458,0.32002997,0.41395,42171998208,0.12,0.41395,122136002560.0,327.0,hold,69721000000.0,70070501376,337.0,318.93,-0.638,1.608,0.07941,2.0,337.0,23.898,0.19336,347.0,149197996032.0,114964996096.0,268677005312.0,100205.05,USD,175827.33,1.446,2.8,NYQ,Berkshire Hathaway Inc. New,Berkshire Hathaway Inc.,America/New_York,EST,True,-18000000,EQUITY,BRK-B,finmb_255251,us_market,,-0.094,,-0.206,0.37226963,,12.76,,1303480064.0,,,,316350.56,8574231,0.0038,,1609372800.0,0.66767997,85984002048.0,56269.562,,0.230412,0.0010081537,0.00187,1672444800.0,,1632960000.0,1.75,1636934400,1224538.0,0.901298,-25161871360.0,2.0,,1264032000,50:1,,,,-0.657,2.6581,1639526400,1.17,,24.994513,,0.0074,9100315,2233380096,,,319.78,321.4,282.45566,,0.0,,322.1,,4051700.0,319.78,290.0886,,321.4,,4051700.0,,,,,,,315.12,USD,0.0056678955,5502647.0,,,,714170302464.0,,,4275758.0,315.12,0.0,1300.0,5502647.0,322.1,,,226.1,0.0,False,,900.0,322.1,318.93,,https://logo.clearbit.com/berkshirehathaway.com,6.030780150780912,9.972063699983424,36.627683966367506,-0.26580965249870525,BRK-B,,,,61ab9da0-8314-31b8-8597-7a8f2ac52909,,,0.0,USD-USD,USD-USD,1,0.1569390594959259,0.03613630682229996,0.1282610446214676,1.1349449157714844,1.0,1.0
13,10282,Financial Services,43000.0,"The Goldman Sachs Group, Inc., a financial institution, provides range of financial services for corporations, financial institutions, governments, and individuals worldwide. It operates through four segments: Investment Banking, Global Markets, Asset Management, and Consumer & Wealth Management. The company's Investment Banking segment provides financial advisory services, including strategic advisory assignments related to mergers and acquisitions, divestitures, corporate defense activities, restructurings, and spin-offs; and middle-market lending, relationship lending, and acquisition financing, as well as transaction banking services. This segment also offers underwriting services, such as equity underwriting for common and preferred stock and convertible and exchangeable securities; and debt underwriting for various types of debt instruments, including investment-grade and high-yield debt, bank and bridge loans, and emerging- and growth-market debt, as well as originates structured securities. Its Global Markets segment is involved in client execution activities for cash and derivative instruments; credit and interest rate products; and provision of equity intermediation and equity financing, clearing, settlement, and custody services, as well as mortgages, currencies, commodities, and equities related products. The company's Asset Management segment manages assets across various asset classes, including equity, fixed income, hedge funds, credit funds, private equity, real estate, currencies, and commodities; and provides customized investment advisory solutions, as well as invests in corporate, real estate, and infrastructure entities. Its Consumer & Wealth Management segment offers wealth advisory and banking services, including financial planning, investment management, deposit taking, and lending; private banking; and unsecured loans, as well as accepts saving and time deposits. The company was founded in 1869 and is headquartered in New York, New York.",New York,212-902-1000,NY,United States,[],https://www.goldmansachs.com,1.0,200 West Street,Capital Markets,0.0,0.38197,0.89524,-7961999872,0.279,0.48047,,330.0,buy,35974000000.0,,460.0,399.17,0.662,1.721,0.017239999,27.0,459.62,533.961,0.21962999,598.0,937806987264.0,576117014528.0,58134999040.0,2679.325,USD,164.747,1.63,2.2,NYQ,"Goldman Sachs Group, Inc. (The)","The Goldman Sachs Group, Inc.",America/New_York,EST,True,-18000000,EQUITY,GS,finmb_398625,us_market,,-3.63,,,0.31534362,,40.58,,333577984.0,,,,275.256,4015707,0.012,,1609372800.0,0.73353994,21674999808.0,60.63,2,0.230412,1.4501773,0.00521,1672444800.0,,1632960000.0,1.62,1636934400,348318620.0,1.511168,-211004063744.0,2.0,,,,,1638316800,,0.597,2.2904332,1639526400,0.37,,9.919731,,0.0121,3964231,,,,397.51,401.32,380.9114,0.014465044,0.094799995,,404.37,,2308830.0,397.51,395.3464,5.75,401.32,,2308830.0,,,8,1638316800,,,394.215,USD,6.5837045,2980150.0,,,,133154324480.0,,,2550248.0,394.215,0.0,1100.0,2980150.0,426.16,,1.62,270.62,0.0,False,0.0196,900.0,404.37,399.17,,https://logo.clearbit.com/goldmansachs.com,0.9713472253304101,3.7775577750477574,38.23551077111196,-5.325819524996289,GS,,,,71a75a16-7c33-358b-bb56-1764255c880a,29th Floor,,0.0,USD-USD,USD-USD,1,0.1569390594959259,0.03613630682229996,0.1282610446214676,1.1349449157714844,1.0,1.0
14,94086-5304,Healthcare,8081.0,"Intuitive Surgical, Inc., together with its subsidiaries, designs, develops, manufactures, and markets da Vinci surgical systems, and related instruments and accessories in the United States and internationally. The company's da Vinci Surgical System include surgeon's consoles, patient-side carts, 3-D HD vision systems, skills simulators, da Vinci Xi integrated table motions, and Firefly fluorescence imaging products that enable surgeons to perform various surgical procedures, including gynecologic, urologic, general, cardiothoracic, and head and neck surgical procedures. It also manufactures EndoWrist instruments, such as forceps, scissors, electrocautery tools, scalpels, and other surgical tools, which incorporate wrist joints for natural dexterity for various surgical procedures; and provides SimNow, a cloud-enabled simulation platform, which allows surgeons to learn and practice their surgical skills; Iris, an augmented reality imaging product for use in kidney procedures; and Intuitive Cloud that enables proactive monitoring and software updates. In addition, the company offers EndoWrist Stapler, a wristed stapling instrument for resection, transection, and creation of anastomoses; EndoWrist One Vessel Sealers that are wristed single-use instruments for bipolar coagulation and mechanical transection of vessels up to 7mm in diameter and tissue bundles that fit in the jaws of the instrument; E-100 generator, an electrosurgical generator; SureForm 45 Curved-Tip stapler; and SynchroSeal for sealing and transection with a single pedal press. Additionally, the company sells various accessories comprising sterile drapes for ensuring sterile field during surgery; and vision products that include replacement 3D stereo endoscopes, camera heads, light guides, and other items that facilitate the use of the da Vinci Surgical System, as well as Ion endoluminal system for biopsies. Intuitive Surgical, Inc. was founded in 1995 and is headquartered in Sunnyvale, California.",Sunnyvale,408 523 2100,CA,United States,[],https://www.intuitive.com,1.0,1020 Kifer Road,Medical Instruments & Supplies,0.38052,0.30777,0.69117,2149199872,0.302,0.32526,2088499968,289.67,buy,2861200000.0,1669049984,370.0,325.53,0.195,5.576,0.09475,14.0,358.86,,0.16475001,425.0,4132000000.0,0.0,5488500224.0,11.567,USD,15.468,4.795,2.2,NMS,"Intuitive Surgical, Inc.","Intuitive Surgical, Inc.",America/New_York,EST,True,-18000000,EQUITY,ISRG,finmb_30239,us_market,,22.338,,58.704,,,5.57,,357236992.0,,,,31.945,2720374,0.0076,,1609372800.0,0.86388,1689200000.0,4.638,,,10.190328,0.00963,1672444800.0,,1632960000.0,1.6,1636934400,353864545.0,1.087792,122603511808.0,2.0,,1507248000,3:1,,,,0.212,21.188185,1639526400,4.15,,58.443443,,0.0076,2757792,,,,324.29,321.18,319.36786,,0.0,,325.8,,1301520.0,324.29,347.496,,321.18,,1301520.0,,,,,,,315.25,USD,70.187584,2057509.0,,,,116291354624.0,,,1573848.0,315.25,0.0,900.0,2057509.0,369.69,,,227.46666,0.0,False,,1100.0,325.8,325.53,,https://logo.clearbit.com/intuitive.com,-9.575000339084205,-4.357147493982739,20.025805571771095,-10.916209617053763,ISRG,,,,fae970d5-82c8-3b4b-a1eb-c4a07c93573d,,408 523 1390,0.0,USD-USD,USD-USD,1,0.1569390594959259,0.03613630682229996,0.1282610446214676,1.1349449157714844,1.0,1.0
15,30313,Consumer Defensive,80300.0,"The Coca-Cola Company, a beverage company, manufactures, markets, and sells various nonalcoholic beverages worldwide. The company provides sparkling soft drinks; water, enhanced water, and sports drinks; juice, dairy, and plantÂbased beverages; tea and coffee; and energy drinks. It also offers beverage concentrates and syrups, as well as fountain syrups to fountain retailers, such as restaurants and convenience stores. The company sells its products under the Coca-Cola, Diet Coke/Coca-Cola Light, Coca-Cola Zero Sugar, Fanta, Fresca, Schweppes, Sprite, Thums Up, Aquarius, Ciel, Dasani, glacÃ©au smartwater, glacÃ©au vitaminwater, Ice Dew, I LOHAS, Powerade, Topo Chico, AdeS, Del Valle, fairlife, innocent, Minute Maid, Minute Maid Pulpy, Simply, Ayataka, Costa, dogadan, FUZE TEA, Georgia, Gold Peak, HONEST TEA, and Kochakaden brands. It operates through a network of independent bottling partners, distributors, wholesalers, and retailers, as well as through bottling and distribution operators. The company was founded in 1886 and is headquartered in Atlanta, Georgia.",Atlanta,404 676 2121,GA,United States,[],https://www.coca-colacompany.com,1.0,One Coca-Cola Plaza,Beverages—Non-Alcoholic,0.35199,0.23313999,0.60723996,12855000064,0.161,0.31123,13306000384,55.0,buy,19581000000.0,7007374848,63.0,60.43,0.425,1.516,0.07831,25.0,62.88,172.826,0.39722002,67.6,14871000064.0,41707999232.0,37802000384.0,3.443,USD,8.771,1.173,2.1,NYQ,Coca-Cola Company (The),The Coca-Cola Company,America/New_York,EST,True,-18000000,EQUITY,KO,finmb_26642,us_market,,7.651,,21.735,,,2.43,,4319419904.0,,,,5.135,31079912,0.0072000003,,1609372800.0,0.69682,8812999680.0,2.031,,,11.768256,0.00636,1672444800.0,,1633046400.0,1.62,1636934400,3890717778.0,0.712113,289208860672.0,2.0,,1344816000,2:1,,,,0.423,6.904993,1639526400,2.72,,24.868313,,0.0073,30746708,,,,60.33,60.55,55.36445,0.027681086,0.82269996,,60.82,,14560560.0,60.33,56.7332,1.67,60.55,,14560560.0,,,1.68,1638230400,,,60.18,USD,29.753817,19571195.0,,,,261022547968.0,,,16623662.0,60.18,0.0,900.0,19571195.0,61.2,,3.21,48.11,0.0,False,0.0278,3000.0,60.82,60.43,,https://logo.clearbit.com/coca-colacompany.com,1.9055667498373507,4.622579745898614,24.173556504614258,-0.5922036600259473,KO,,,,5fed318f-9c85-3ad1-b311-20392472c25a,,,0.0,USD-USD,USD-USD,1,0.1569390594959259,0.03613630682229996,0.1282610446214676,1.1349449157714844,1.0,1.0
16,75008,Consumer Cyclical,148343.0,"LVMH MoÃ«t Hennessy - Louis Vuitton, SociÃ©tÃ© EuropÃ©enne operates as a luxury products company. The company offers champagnes, wines, and spirits under the Ao Yun, Ardbeg, Belvedere, Bodega Numanthia, Cape Mentelle, Chandon, ChÃ¢teau Cheval Blanc, ChÃ¢teau d'Yquem, Cheval des Andes, Clos des Lambrays, Clos19, Cloudy Bay, Dom PÃ©rignon, Glenmorangie, Hennessy, Krug, Mercier, MoÃ«t & Chandon, Newton, Vineyard, Ruinart, Terrazas de los Andes, Veuve Clicquot, Volcan de mi Tierra, and Woodinville brands. It also provides fashion and leather products under the Berluti, Celine, Christian Dior, Emilio Pucci, Fendi, Givenchy, Kenzo, Loewe, Loro Piana, Louis Vuitton, Marc Jacobs, Moynat, Nicholas Kirkwood, Pink Shirtmaker, and Rimowa brands. In addition, the company offers perfumes and cosmetics under the Acqua di Parma, Benefit Cosmetics, Fenty Beauty by Rihanna, Fresh, Parfums Givenchy, Guerlain, Kat Von D Beauty, Kenzo Parfums, Maison Francis Kurkdjian, Make Up For Ever, Marc Jacobs Beauty, Parfums Christian Dior, and Perfumes Loewe brands; watches and jewelry under the Bvlgari, Chaumet, Fred, Hublot, TAG Heuerand Zenith brands; and custom-designed yachts under the Feadship brand name, as well as designs and builds luxury yachts under the Royal Van Lent brand. Further, it provides daily newspapers under the Les Ãchos brand; Belmond, a luxury tourism service; home other activities under the Belmond, Cheval Blanc, Connaissance des Arts, Cova, Investir, Jardin d'Acclimatation, La Samaritaine, Le Parisien, and Radio Classique brands; and selective retailing products under the DFS, La Grande Epicerie de Paris, Le Bon MarchÃ© Rive Gauche, Sephora, and Starboard Cruise brands, as well as operates Jardin d'Acclimatation, a leisure and amusement park. The company operates 4,915 stores worldwide. LVMH MoÃ«t Hennessy - Louis Vuitton, SociÃ©tÃ© EuropÃ©enne was incorporated in 1923 and is headquartered in Paris, France.",Paris,33 1 44 13 22 22,,France,[],https://www.lvmh.com,1.0,"22, Avenue Montaigne",Luxury Goods,0.29204,0.17241,0.67267,17769000960,0.558,0.25947002,16039999488,,none,28780000000.0,11471875072,,161.05,9.121,1.096,0.08089,,,90.437,0.24919,,8723000320.0,38548000768.0,54923001856.0,3.463,EUR,21.8052,0.484,,PNK,LVMH MOET HENNESSY VUITTON SE,"LVMH Moët Hennessy - Louis Vuitton, Société Européenne",America/New_York,EST,False,-18000000,EQUITY,LVMUY,finmb_195488,us_market,,8.286,,28.371,,,,,2517730048.0,,,,16.3494,,,,1609372800.0,0.00519,9468999680.0,4.2432,,,9.850514,0.0,1672444800.0,,1625011200.0,,,1371706686.0,0.946319,455075397632.0,2.0,,,,,,,9.132,7.382707,,,,,,,,,,,162.95,160.51,155.39015,0.04295796,0.3189,,161.05,,132180.0,162.95,161.6422,7,160.51,,132180.0,,,1.64,1638316800,,,158.52,USD,37.95485,115452.0,,,,405480439808.0,,,107706.0,158.52,0.0,0.0,115452.0,171.91,,1.48,118.48,0.0,False,0.0097,0.0,161.05,161.05,,https://logo.clearbit.com/lvmh.com,-2.9292993207627127,1.2638391916986125,28.05479146910692,-4.895472697183401,LVMUY,,,,0edfdde4-42ae-3a45-8096-3e2845dc0dac,,33 1 44 13 22 23,0.0,EUR-USD,USD-USD,1,0.1569390594959259,0.03613630682229996,0.1282610446214676,1.1349449157714844,1.1349449157714844,1.0
17,,Financial Services,362035.0,"Ping An Insurance (Group) Company of China, Ltd. provides financial products and services for insurance, banking, asset management, and fintech and healthtech businesses in the People's Republic of China. The company's Life and Health Insurance segment offers term, whole-life, endowment, annuity, investment-linked, universal life, and health care and medical insurance to individual and corporate customers. Its Property and Casualty Insurance segment provides auto, non-auto, and accident and health insurance to individual and corporate customers. The company's Banking segment undertakes loan and intermediary businesses with corporate and retail customers; and offers wealth management and credit card services to individual customers. Its Trust segment provides trust services; and undertakes investing activities. The company's Securities segment offers brokerage, trading, investment banking, and asset management services. Its Other Asset Management segment provides investment management, finance lease, and other asset management services. The company's Technology segment offers financial and daily-life services through internet platforms, such as financial transaction information service platform, and health care service platform. It also provides annuity insurance, investment management, IT and business process outsourcing, real estate investment, futures brokerage, consulting, project investment, financial advisory, currency brokerage, property agency, fund raising and distribution, real estate development and leasing, and insurance agency services. In addition, the company provides factoring, equity investment, financing guarantee, logistics, management consulting, e-commerce, credit information, and private equity financing services; and operates an expressway, as well as produces and sells consumer chemicals. The company has strategic agreements with Zhongshan Hospital and Shenzhen Stock Exchange. The company was founded in 1988 and is based in Shenzhen, China.",Shenzhen,86 40 0886 6338,,China,[],https://www.pingan.com,1.0,Ping An Finance Center,Insurance—Life,0.20863001,0.09119,0.35908002,97492000768,0.023,0.20197001,278425993216,43.9,buy,430928000000.0,-86441877504,88.39,60.9,-0.311,9.847,0.01753,25,87.57,201.476,0.14309,117.74,2066185977856.0,2114254012416.0,1334530015232.0,113.818,CNY,74.287,8.435,1.9,HKG,PING AN,"Ping An Insurance (Group) Company of China, Ltd.",Asia/Hong_Kong,HKT,True,28800000,EQUITY,2318.HK,finmb_33018,hk_market,,1.071,,5.133,-0.3788259,,4,,7447580160.0,,,,43.63,,,,1609372800.0,0.42256,121696002048.0,9.398175,1.056806,0.230412,1.3958286,0.16921,1672444800.0,,1632960000.0,,,15659629774.0,0.939223,1429100822528.0,3.0,,1437955200,20:10,,1632787200,,-0.312,0.8964491,,,,15.25,,,,18280200192,,,61.9,61.8,68.32925,0.009693054,0.3321,,62.15,,19602757.0,61.9,56.881,0.6,61.8,,19602757.0,,,2.73,1632787200,,,60.5,HKD,6.4906216,18464841.0,,,,1196338184192.0,,,25675394.0,60.5,61.0,0.0,18464841.0,103.6,,2.47,48.8,60.95,False,0.048,0.0,62.15,61.0,,https://logo.clearbit.com/pingan.com,7.787613320139664,5.4545480967600035,-32.71129895600865,-38.6178230037144,2318.HK,,,,43d41b7f-ac6e-3f18-8bfa-416a8586ccfd,"47th, 48th 108th, 109th 110th, 111th & 112th Floors,No. 5033 Yit",86 755 8243 1029,0.0,CNY-USD,HKD-USD,1,0.1569390594959259,0.03613630682229996,0.1282610446214676,1.1349449157714844,0.1569390594959259,0.1282610446214676
18,300-78,Technology,,"Taiwan Semiconductor Manufacturing Company Limited manufactures and sells integrated circuits and semiconductors. It also offers customer service, account management, and engineering services. The company serves customers in computer, communications, consumer, and industrial and standard segments in North America, Europe, Japan, China, and South Korea. Taiwan Semiconductor Manufacturing Company Limited was founded in 1987 and is headquartered in HsinChu, Taiwan.",Hsinchu City,886 3 563 6688,,Taiwan,[],https://www.tsmc.com,1.0,Hsinchu Science Park,Semiconductors,0.68002,0.37932998,0.51897997,993091977216,0.163,0.41344002,1027341746176,120,buy,711146502000.0,103624810496,138,125.01,0.138,2.091,0.13081999,9,143.79,29.119,0.29666,207,989531275264.0,605178298368.0,1510758809600.0,190.805,TWD,291.31,1.795,2,NYQ,Taiwan Semiconductor Manufactur,Taiwan Semiconductor Manufacturing Company Limited,America/New_York,EST,False,-18000000,EQUITY,TSM,finmb_380075,us_market,,0.205,,0.302,,,4.94,,5186079744.0,,,,400.305,9957685,0.0019,,1609372800.0,0.17232999,573074178048.0,3.995,,,0.31228688,7e-05,1672444800.0,,1632960000.0,1.23,1636934400,4835808427.0,0.999115,309769830400.0,2.0,,1247616000,1005:1000,,,,0.138,0.42912996,1639526400,2.05,,25.305668,,,11709283,,,,123.5,125.11,117.48625,0.08704454,0.4696,,125.87,,12608010.0,123.5,120.012,10.75,125.11,,12608010.0,,,1.93,1647388800,,,123.26,USD,31.291616,11693779.0,,,,648311865344.0,,,8845304.0,123.26,0.0,800.0,11693779.0,142.2,,2.78,107.58,0.0,False,0.0145000005,900.0,125.87,125.01,,https://logo.clearbit.com/tsmc.com,-2.9425472249440476,7.822642522574208,3.5913035534272275,-9.316000482605713,TSM,,,,a22510a4-756f-3424-8b07-71b132611395,"No. 8, Li-Hsin Road 6",886 3 563 7000,0.0,TWD-USD,USD-USD,1,0.1569390594959259,0.03613630682229996,0.1282610446214676,1.1349449157714844,0.03613630682229996,1.0
19,10007,Financial Services,13023.0,"Moody's Corporation operates as an integrated risk assessment firm worldwide. It operates in two segments, Moody's Investors Service and Moody's Analytics. The Moody's Investors Service segment publishes credit ratings and provides assessment services on various debt obligations, programs and facilities, and entities that issue such obligations, such as various corporate, financial institution, and governmental obligations; and structured finance securities. This segment provides ratings in approximately 140 countries. Its ratings are disseminated through press releases to the public through electronic media, including the internet and real-time information systems used by securities traders and investors. This segment has rated approximately 5,000 non-financial corporates; 3,600 financial institutions; 16,000 public finance issuers; 145 sovereigns; 47 supranational institutions; 459 sub-sovereigns; and 1,000 infrastructure and project finance issuers, as well as 9,100 structured finance deals. The Moody's Analytics segment develops a range of products and services that support the risk management activities of institutional participants in financial markets; and offers subscription based research, data, and analytical products comprising credit ratings, credit research, quantitative credit scores and other analytical tools, economic research and forecasts, business intelligence and company information products, commercial real estate data and analytical tools, and on-line and classroom-based training services, as well as credentialing and certification services. It also offers software solutions, as well as related risk management services; and offshore analytical and research services with learning solutions and certification programs. The company was formerly known as Dun and Bradstreet Company and changed its name to Moody's Corporation in September 2000. Moody's Corporation was founded in 1900 and is headquartered in New York, New York.",New York,212-553-0300,NY,United States,[],https://www.moodys.com,1.0,7 World Trade Center,Financial Data & Stock Exchanges,0.51633,0.35199,0.73848,2364000000,0.125,0.47662997,3081999872,375,buy,3896000000.0,2333125120,431,361.79,0.024,1.523,0.13633001,15,427.45,307.865,0.97449,475,2343000064.0,8063000064.0,5968999936.0,12.604,USD,31.945,1.408,2.3,NYQ,Moody's Corporation,Moody's Corporation,America/New_York,EST,True,-18000000,EQUITY,MCO,finmb_528325,us_market,,12.588,,24.38,0.35882652,,12.69,,185900000.0,,,,13.072,1917218,0.010299999,,1609372800.0,0.93378997,2100999936.0,11.162,0.62,0.230412,27.676716,0.00247,1672444800.0,,1632960000.0,2.79,1636934400,185351366.0,1.17974,75138072576.0,2.0,,1116460800,2:1,,1637539200,,0.015,11.267677,1639526400,2.51,,28.554855,,0.0119,2202319,,,,372.4,368.39,364.356,0.006498389,0.2167,,370.01,,522300.0,372.4,391.1086,2.42,368.39,,522300.0,,,2.48,1637539200,,,357.58,USD,32.41265,944073.0,,,,67256762368.0,,,597745.0,357.58,361.02,800.0,944073.0,407.94,,0.93,261.38,0.0,False,0.0064,800.0,370.01,361.79,,https://logo.clearbit.com/moodys.com,-5.6831481532604755,-9.280336103535713,31.8931462960365,-10.897753348699379,MCO,,,,fdb45b39-99a9-3295-8ad4-ce7182e47d9a,250 Greenwich Street,212-553-0241,0.0,USD-USD,USD-USD,1,0.1569390594959259,0.03613630682229996,0.1282610446214676,1.1349449157714844,1.0,1.0
20,,Technology,22074.0,"Xiaomi Corporation, an investment holding company, provides hardware, software, and internet services in Mainland China, India, Europe, and internationally. It operates through Smartphones, IoT and Lifestyle Products, Internet Services, and Others segments. The Smartphones segment sells smartphones. The IoT and Lifestyle Products segment offers smart TVs, laptops, AI speakers, and smart routers; various IoT and other smart hardware products; and lifestyle products. The Internet Services segment provides advertising services and internet value-added services; and engages in the online game and fintech businesses. The Others segment offers hardware repair services for its products. The company also engages in the wholesale and retail of smartphones and ecosystem partners' products; development and sale of software, hardware, and electronic products; procurement and sale of smartphones, ecosystem partners' products, and spare parts; procurement of raw materials; and operation of retail stores. It is also involved in the research and development of computer software and information technology; property management and commercial factoring activities; e-commerce and market research businesses; sale of e-books; investment, asset management, project investment, property management, and investment consulting, as well as technology diffusion, transfer, and consulting activities; and provision of internet finance, consumer loan, virtual banking, software related, information technology advisory, electronic payment, and internet services. Xiaomi Corporation was incorporated in 2010 and is headquartered in Beijing, the People's Republic of China.",Beijing,86 83 3942 6648,,China,[],https://www.mi.com,1.0,Xiaomi Campus,Consumer Electronics,0.06386,0.081949994,0.17538,11581127680,0.082,0.061160002,20001679360,16.49,buy,36751862000.0,8456192000,28.24,18.22,-0.84,1.652,0.04789,32,28.3,19.076,0.2226,45.98,81883357184.0,25898350592.0,313196871680.0,3.266,CNY,12.493,0.841,1.9,HKG,XIAOMI-W,Xiaomi Corporation,Asia/Hong_Kong,HKT,False,28800000,EQUITY,1810.HK,finmb_320396288,hk_market,,1.257,,19.675,,,1.21,,20337899520.0,,,,5.405,,,,1609372800.0,0.14479,25666887680.0,,,,3.3709526,0.28247,1672444800.0,,1632960000.0,,,15082404813.0,,393537126400.0,3.0,,,,,,,-0.838,1.4526116,,0.39,,15.05785,,,,,,,18.52,18.3,23.8966,,0.0,,18.4,,55915881.0,18.52,19.4714,,18.3,,55915881.0,,,,,,,18.02,HKD,,35245478.0,,,,454953402368.0,,,81443217.0,18.02,18.22,0.0,35245478.0,34.0,,,17.5,18.2,False,,0.0,18.4,18.22,,https://logo.clearbit.com/mi.com,-2.1551704204748168,-5.613305283544134,-43.33853266862777,-45.71001664211537,1810.HK,,,,3cba40a9-4a17-38ee-bccf-638879a50051,Anningzhuang Road Haidian District,,0.0,CNY-USD,HKD-USD,1,0.1569390594959259,0.03613630682229996,0.1282610446214676,1.1349449157714844,0.1569390594959259,0.1282610446214676
21,100102,Consumer Cyclical,69205.0,"Meituan, an investment holding company, provides an e-commerce platform that uses technology to connect consumers and merchants. It operates through Food Delivery; In-store, Hotel & Travel; and New Initiatives and Others segments. The Food Delivery segment offers food ordering and delivery service through its platform. The In-Store, Hotel & Travel segment enables merchants to sell vouchers, coupons, tickets, and reservations through the company's platform. The New Initiatives and Others segment offers restaurant management system, supply chain, Meituan Instashopping, integrated payment, micro loan, local transportation, non-food delivery, and other products and services, as well as pilot car-hailing and bike-sharing services. The company also offers multimedia information technology, cloud computing, merchant information advisory, online payment, and marketing services. The company was formerly known as Meituan Dianping and changed its name to Meituan in October 2020. Meituan was founded in 2003 and is headquartered in Beijing, China.",Beijing,86 10 5737 6600,,China,[],https://about.meituan.com,1.0,Hengjiweiye Building,Internet Retail,-0.103,-0.122779995,0.23382,-960934016,0.381,-0.13994999,-17149871104,170.37,buy,33165245000.0,-7271256576,319.69,209.0,,2.227,-0.07418,38,318.96,45.541,-0.17781,435.94,120892579840.0,58857095168.0,166508199936.0,20.541,CNY,19.487,1.782,1.7,HKG,MEITUAN-W,Meituan,Asia/Hong_Kong,HKT,False,28800000,EQUITY,3690.HK,finmb_114128173,hk_market,,6.523,,-63.333,,,-1.02,,5457039872.0,,,,16.599,,,,1609372800.0,0.36122,-20443967488.0,,,,12.591119,0.20347999,1672444800.0,,1632960000.0,,,4148161432.0,0.998018,1086153228288.0,3.0,,,,,,,,7.664129,,-0.87,,-200,,,,,,,206.6,209.4,263.9665,,0.0,,211.8,,19963321.0,206.6,248.374,,209.4,,19963321.0,,,,,,,203.4,HKD,,15263461.0,,,,1276140322816.0,,,19792374.0,203.4,208.0,0.0,15263461.0,460.0,,,183.2,207.8,False,,0.0,211.8,208.0,,https://logo.clearbit.com/about.meituan.com,-5.282334144402334,-16.129032258064512,-32.8165387921683,-53.92113362595684,3690.HK,,,,414080ff-b9b2-3796-9d96-d50fb8d0fa18,Block B&C No. 4 Wang Jing East Road Chaoyang District,,0.0,CNY-USD,HKD-USD,1,0.1569390594959259,0.03613630682229996,0.1282610446214676,1.1349449157714844,0.1569390594959259,0.1282610446214676
